region,provider,country_iso,lat,lon,abs_lat,ground_truth_ci,country_ci,country_fossil_frac,country_clean_frac,country_coal_frac,country_gas_frac,country_nuclear_frac,country_renew_frac,country_hydro_frac,country_solar_frac,country_wind_frac,n_plants_300km,total_emissions_300km,mean_emissions_per_plant,total_capacity_300km,emissions_per_capacity,local_pct_coal,local_pct_gas,local_pct_solar,local_pct_wind,local_pct_hydro,local_pct_nuclear,local_pct_fossil,local_pct_clean,n_renew_nearby,renew_cap_nearby_mw,local_ef_weighted,local_generation_gwh,local_mean_cf,idw_weighted_ci,n_fossil_ops_300km,fossil_emissions_300km,n_coal_mines,n_refineries,n_oilgas,nearest_dc_km,n_dcs_300km,country_ci_sq,ct_grid_ci_est,emaps_zone_ci,emaps_idw_ci,emaps_zone_clean_cap_frac,emaps_zone_fossil_cap_frac,emaps_zone_coal_cap_mw
africa-south1,gcp,ZAF,-26.2041,28.0473,26.2041,657,860.8585611812015,0.8347273921611562,0.16527260783884387,0.8114298226406832,0.0,0.03573461791110138,0.1295379899277425,0.008583315086490037,0.068184804028903,0.05088679658419093,21,189936900.0,9044614.285714285,45488.3,4075.5230740511065,0.6923076923076923,0.0,0.0,0.0,0.0,0.0,0.6923076923076923,0.3076923076923077,5,1116.0,1012.7299678724399,187549.71,0.4199727272727272,877.1173893424371,89,44255339.455880046,88,1,0,0.0,2,741.0774623589684,3485.4134626304854,119.98323776485537,524.3585195706249,0.3684210526315789,0.0,0.0
asia-east1,gcp,TWN,24.1404245,120.4268396,24.1404245,439,576.3688381790737,0.8431804455181724,0.15681955448182752,0.43361637119408813,0.39776885636124626,0.07030944683269974,0.0865101076491278,0.014708494688599137,0.04821117703485273,0.016378299641169575,111,244826397.0,2205643.2162162163,75105.66,2655.4697429483076,0.2777777777777778,0.12962962962962962,0.0,0.0,0.0,0.0,0.4320987654320988,0.5679012345679012,51,17091.36,702.0340822934801,349417.74,0.5475173553719008,765.8752510069136,7,15788631.609961499,0,6,1,0.0,1,332.2010376238952,2748.565560798866,576.3688381790737,576.1837938973653,0.33404675666776423,0.6646361540994402,19120.0
asia-east2,gcp,CHN,22.3193,114.1694,22.3193,505,482.1199897537342,0.6472405252236092,0.352759474776391,0.6069512526441422,0.03251726554744974,0.045955480100088916,0.3068039946763021,0.1316304406427763,0.061752147820360086,0.09364782194577145,171,272233277.0,1592007.4678362573,121133.12,1960.1158487027376,0.22580645161290322,0.30414746543778803,0.0,0.0,0.0,0.0,0.5483870967741936,0.4516129032258064,46,17753.2,706.6015412539917,385283.084,0.45471165644171774,857.3500619245406,8,19487167.730805922,0,5,3,0.0,3,232.4396845201408,1454.6014268337535,482.1199897537342,482.1322457374332,0.0,1.0,2875.0
asia-northeast1,gcp,JPN,35.6420573,140.1144645,35.6420573,453,609.6311879291164,0.6852917090112579,0.31470829098874215,0.32305551992580245,0.3284427386014938,0.07640773154680269,0.23830055944193942,0.07280638572880387,0.10790224072776786,0.009008297895432706,94,147666964.7,1570925.1563829787,69359.29000000001,1434.4189794035658,0.08438818565400844,0.1729957805907173,0.0,0.0,0.0,0.0,0.27848101265822783,0.7215189873417722,143,33586.2,570.3502065505984,258903.995,0.5966733266733267,740.7397654405884,10,11848068.31851496,0,8,2,0.0,3,371.6501852958657,1458.9962873577292,609.6311879291164,595.6621084760213,0.2526109077925556,0.7424796929393912,8370.0
asia-northeast2,gcp,JPN,34.6937,135.5023,34.6937,296,409.8111703301701,0.6852917090112579,0.31470829098874215,0.32305551992580245,0.3284427386014938,0.07640773154680269,0.23830055944193942,0.07280638572880387,0.10790224072776786,0.009008297895432706,93,134489411.4,1446122.7032258066,60268.61,1437.8679497093622,0.14222222222222222,0.12,0.0,0.0,0.0,0.0,0.3155555555555556,0.6844444444444444,132,33265.3,630.3018223803772,213367.998,0.5699793388429752,719.6528183640854,8,9334500.914129574,0,8,0,0.0,3,167.9451953273837,1529.2285417271803,409.8111703301701,412.21827593238794,0.4639711219665313,0.5360288780334687,2301.0
asia-northeast3,gcp,KOR,37.5665,126.978,37.5665,357,469.4018298906225,0.6166821341930021,0.38331786580699784,0.3299630407528615,0.27553362965857464,0.293866718767808,0.08945114703918981,0.006024194467510053,0.04781907878669467,0.005552027874110617,94,180176851.0,1916775.0106382978,79952.72000000002,1807.7597874876915,0.17834394904458598,0.29936305732484075,0.0,0.0,0.0,0.0,0.47770700636942676,0.5222929936305732,63,19715.86,693.1586868855215,259928.5,0.5147174975562073,739.9729067884382,19,14633674.659280675,14,5,0,0.0,3,220.33807790466489,1389.7193867432468,469.4018298906225,467.3168183256054,0.3675186023940472,0.615140731154966,41200.0
asia-south1,gcp,IND,19.076,72.8777,19.076,679,891.9451189752027,0.7803750190558463,0.21962498094415364,0.7523044870166167,0.02605823466639565,0.024488032928502462,0.19513694801565118,0.0758117790538137,0.057629960871995525,0.04171959957314904,69,35998937.6,521723.73333333334,19101.34,1405.5776372245425,0.15942028985507245,0.15217391304347827,0.0,0.0,0.0,0.0,0.35507246376811596,0.644927536231884,69,6510.150000000001,736.2514126862898,48842.784,0.35163636363636364,890.4184973713816,9,22588352.96907689,6,2,1,0.0,4,795.5660952636885,1470.7173222187669,891.9451189752027,848.4493024038958,0.4194914594028014,0.561813774730314,84386.0
asia-south2,gcp,IND,28.6139,77.209,28.6139,532,691.95480485392,0.7803750190558463,0.21962498094415364,0.7523044870166167,0.02605823466639565,0.024488032928502462,0.19513694801565118,0.0758117790538137,0.057629960871995525,0.04171959957314904,68,80232744.31,1179893.2986764705,23089.78,2892.4291215074295,0.14189189189189189,0.08108108108108109,0.0,0.0,0.0,0.0,0.23648648648648649,0.7635135135135135,80,4649.1,870.8128992584637,92129.39296000001,0.3900321678321679,754.5642761797861,3,8750199.285371784,0,3,0,0.0,1,478.8014519604265,2711.659849934434,691.95480485392,694.7683010828607,0.5608525071771479,0.41150203107677596,44285.0
asia-southeast1,gcp,SGP,1.3512738,103.7095924,1.3512738,367,480.3993473515311,0.9546485260770975,0.045351473922902494,0.009942438513867084,0.9256933542647828,0.0,0.045351473922902494,0.0,0.016396302110587825,0.0,48,72943061.5,1519647.1145833333,36363.28,1996.3190205036951,0.13559322033898305,0.4745762711864407,0.0,0.0,0.0,0.0,0.6610169491525424,0.3389830508474576,11,175.5,539.373134571594,135236.67119999998,0.45400000000000007,757.9811348038617,17,31594366.215159517,5,10,2,0.0,5,230.78353293577703,1914.980885897149,480.3993473515311,480.7154273386427,0.09438567941415785,0.9023596419853539,210.0
asia-southeast2,gcp,IDN,-6.2088,106.8456,6.2088,561,771.976930622075,0.8038915872159262,0.1961084127840739,0.6155483600167897,0.17002458475745041,0.0,0.1961084127840739,0.08184925346285304,0.0013191821070936021,0.0010793308148947653,36,73497590.7,2041599.7416666667,29059.56,2274.3532641288384,0.41509433962264153,0.20754716981132076,0.0,0.0,0.0,0.0,0.679245283018868,0.320754716981132,17,3256.26,840.4846781304603,87446.658,0.36831060606060606,751.4366746339573,10,7103110.408152254,5,2,3,0.0,3,595.94838141268,2033.2067947473913,,480.39934735153116,,,
australia-southeast1,gcp,AUS,-33.8688,151.2093,33.8688,498,654.211783491909,0.6392738913747317,0.36072610862526827,0.46389464876859837,0.1556258867183237,0.0,0.36072610862526827,0.057332023718578345,0.1706500782131034,0.12052093564698609,15,40361382.3952,2690758.8263466666,10312.66,3441.319865967058,0.14634146341463414,0.14634146341463414,0.0,0.0,0.0,0.0,0.3414634146341463,0.6585365853658537,26,1415.8,966.1245996692704,41776.909291,0.31116969696969693,870.1983254998911,38,36060786.8926296,37,0,1,0.0,6,427.9930576596645,2501.9711679666634,654.211783491909,589.6882141423332,0.5465120643200854,0.37600667992321535,8270.0
australia-southeast2,gcp,AUS,-37.8136,144.9631,37.8136,454,600.2492651311627,0.6392738913747317,0.36072610862526827,0.46389464876859837,0.1556258867183237,0.0,0.36072610862526827,0.057332023718578345,0.1706500782131034,0.12052093564698609,15,27900782.303000003,1860052.1535333334,7288.38,2596.356297848621,0.09803921568627451,0.17647058823529413,0.0,0.0,0.0,0.0,0.27450980392156865,0.7254901960784313,36,3457.7499999999995,962.712947529196,29003.893709999997,0.28066233766233767,947.1442512263812,6,3393246.626155391,2,2,2,0.0,3,360.2991802905009,2447.216209258856,600.2492651311627,560.0790757658634,0.6138304450351334,0.32752716183311964,4690.0
europe-central2,gcp,POL,52.2297,21.0122,52.2297,643,527.5639648158033,0.7285333333333334,0.2714666666666667,0.6104888888888889,0.0874074074074074,0.0,0.2714666666666667,0.014103703703703703,0.07253333333333334,0.13665185185185186,58,82440446.0,1421387.0,29860.699999999997,2641.162246065029,0.3783783783783784,0.10810810810810811,0.0,0.0,0.0,0.0,0.5045045045045046,0.49549549549549543,53,1353.0,883.8084813891147,92462.021,0.41431902356902356,992.8988648837786,31,28279706.562790055,26,2,3,0.0,3,278.32373697217014,2011.359845076193,527.5639648158033,487.5194554053494,0.47103852020551734,0.4910435798207131,25482.87
europe-north1,gcp,FIN,60.53985,27.125318,60.53985,39,70.48962592376402,0.05586172344689379,0.9441382765531061,0.019789579158316632,0.006638276553106212,0.4248496993987976,0.5192885771543087,0.18925350701402804,0.00814128256513026,0.18324148296593187,73,25765360.85,352950.14863013703,17659.67,1063.2621097317349,0.10144927536231885,0.15942028985507245,0.0,0.0,0.0,0.0,0.3333333333333333,0.6666666666666667,65,6572.700000000001,689.5451271147249,37169.15035,0.2521897233201581,484.80845223058554,3,6700049.668222226,0,3,0,0.0,1,4.9687873628721855,81.50194552401742,255.07239751414136,191.95010721710307,0.5366808706668202,0.4093919152366694,1330.0
europe-north2,gcp,SWE,59.3293,18.0686,59.3293,3,28.859880960239266,0.017492185621543643,0.9825078143784564,6.011060351045925e-05,0.0009016590526568887,0.29093532099062275,0.6915724933878337,0.3971507573936042,0.014907429670593894,0.2087040153883145,39,600933.76,15408.55794871795,3746.82,48.295236166430385,0.05813953488372093,0.023255813953488372,0.0,0.0,0.0,0.0,0.18604651162790697,0.813953488372093,47,8696.1,87.96991294021643,6640.729,0.24801435406698563,941.7665097234004,1,484242.8200463007,0,1,0,0.0,3,0.832892729039181,2.805484351042259,37.503168363520466,33.36890991872339,0.6584366155948083,0.3415633844051918,0.0
europe-southwest1,gcp,ESP,40.4168,-3.7038,40.4168,89,116.88788455105912,0.28867469879518076,0.7113253012048193,0.014457831325301205,0.23443929564411492,0.21056533827618165,0.5007599629286377,0.07417979610750695,0.1671177015755329,0.23773864689527338,35,3170403.8,90582.9657142857,4528.130000000001,121.73237899624431,0.0171990171990172,0.056511056511056514,0.0,0.0,0.0,0.0,0.07371007371007371,0.9262899262899262,372,21515.917,380.65779005768803,8329.727,0.2892068965517241,452.4885988376432,2,1647288.7973751826,0,1,1,0.0,3,13.662777554821725,202.11773116586676,116.88788455105912,125.02189202671553,0.73698419425217,0.25031784150303715,1820.0
europe-west1,gcp,BEL,50.4663049,3.8580813,50.4663049,103,121.47932258513958,0.26383495145631064,0.7361650485436892,0.0006067961165048543,0.2087378640776699,0.40558252427184466,0.3305825242718446,0.004611650485436893,0.09296116504854368,0.1853155339805825,253,80300912.825152,317394.9123523794,56704.409999999996,759.5330798910071,0.061899679829242264,0.13660618996798293,0.0,0.0,0.0,0.0,0.21344717182497333,0.7865528281750267,684,49019.63935500001,588.5088036430147,136252.266075,0.3895076741440378,709.295896105742,20,35517284.60496052,3,14,3,0.0,10,14.757225815744405,373.6250396948211,121.47932258513958,133.25352818284978,0.6740408959594613,0.2799895244593224,0.0
europe-west2,gcp,GBR,51.5074,-0.1276,51.5074,106,172.0639348530819,0.3991618113053256,0.6008381886946744,0.013833520733244743,0.3424988926368871,0.14068622440287573,0.4601519642917987,0.017820027939623156,0.046032232784762685,0.28096357627176394,202,43051027.919952005,213123.9005938218,41664.11,533.1572301438126,0.01290719114935464,0.06146281499692686,0.0,0.0,0.0,0.0,0.08358942839582054,0.9164105716041795,1425,39083.229595,379.00764265690054,113508.872612,0.4764397129186603,624.456552184059,11,18417085.282112166,1,8,2,0.0,7,29.605997677125607,412.4491386731694,172.0639348530819,228.4188241273079,0.5685192684079098,0.3414152662482284,0.0
europe-west3,gcp,DEU,50.1239022,8.9713297,50.1239022,276,297.13494811464113,0.4585669288218863,0.5414330711781137,0.2681313021256364,0.15055765763981063,0.01733394084668872,0.524099130331425,0.03859030487925672,0.12195170268824661,0.2719744844390737,274,103437200.88506001,377508.0324272263,59225.77,1031.2653176467486,0.09378407851690294,0.13304252998909488,0.0,0.0,0.0,0.0,0.23882224645583428,0.7611777535441657,643,41075.480429999996,738.7688513268607,139789.89216100003,0.4230869720830351,978.8524902977327,18,23233919.35009113,7,8,3,0.0,7,88.28917739109048,800.8824458642662,297.13494811464113,249.28603995462578,0.6608799396167612,0.2514774067207658,31193.0
europe-west4,gcp,NLD,52.7954802,5.0421531,52.7954802,209,194.8304160052528,0.48890708145722467,0.5110929185427753,0.06917724109701186,0.37740483012689313,0.03274662300450266,0.47834629553827257,0.0004911993450675399,0.1731477691363078,0.2371674171101105,228,84762859.261952,371766.92658750876,58182.979999999996,995.0230464350923,0.1252847380410023,0.2733485193621868,0.0,0.0,0.0,0.0,0.42369020501138954,0.5763097949886105,211,27003.85016,595.5744963384734,142128.269762,0.38165285204991095,689.0541741297252,25,36379859.36082031,3,13,9,0.0,5,37.95889100077987,712.2557513852064,194.8304160052528,188.24236403281316,0.6237600303279206,0.35903835218297847,4012.0
europe-west6,gcp,CHE,47.3769,8.5417,47.3769,15,46.757554765206685,0.024262942587106786,0.9757370574128932,0.0,0.0070531809846240655,0.3412328960361123,0.6345041613767809,0.5438002539145154,0.059105656651149675,0.0023980815347721825,148,39918562.2982,269720.01552837837,34208.16,482.0233742216396,0.03176470588235294,0.09294117647058824,0.0,0.0,0.0,0.0,0.1341176470588235,0.8658823529411765,702,48606.41795,563.435330890752,70749.650293,0.3922501567398119,180.03376428311105,9,9751341.513482872,0,7,2,0.0,11,2.186268927621302,28.313179814438193,46.757554765206685,65.91161132269532,0.9643747773423584,0.008193801211257571,0.0
europe-west8,gcp,ITA,45.4642,9.19,45.4642,202,193.4103096246375,0.5627999085992841,0.437200091400716,0.052936248000609344,0.4506816970066266,0.0,0.437200091400716,0.14448929849950493,0.11809734176251048,0.08953461802117452,98,29722549.512000002,303291.32155102043,28732.49,426.0630875764202,0.01155115511551155,0.10396039603960396,0.0,0.0,0.0,0.0,0.12376237623762376,0.8762376237623762,508,41028.421890000005,466.1589386621669,63706.70349,0.3732376893939395,647.9663709696675,6,3459581.393796007,0,6,0,0.0,8,37.407547869098146,582.1927771902573,193.4103096246375,169.6849844936502,0.5445410088331772,0.3883750349110384,1000.0
europe-west9,gcp,FRA,48.8566,2.3522,48.8566,16,44.250522630363314,0.08422322071152089,0.9157767792884792,0.004201435490459242,0.061134776604228676,0.652875843691039,0.26290093559744027,0.1034603489525588,0.04524323588337127,0.09455174962556653,77,9389333.741452001,121939.39923963638,11637.34,147.83179103263868,0.02295552367288379,0.04878048780487805,0.0,0.0,0.0,0.0,0.08608321377331421,0.9139167862266858,620,51876.29043,433.2988989240722,21832.082123,0.343098814229249,761.1126965988943,4,5006755.708187272,0,3,1,0.0,7,1.9581087530602959,67.95366707859718,44.250522630363314,115.17584464273524,0.8611944552607556,0.11616612543440727,1813.25
europe-west10,gcp,DEU,52.52,13.405,52.52,276,297.13494811464113,0.4585669288218863,0.5414330711781137,0.2681313021256364,0.15055765763981063,0.01733394084668872,0.524099130331425,0.03859030487925672,0.12195170268824661,0.2719744844390737,144,92393085.37686001,641618.6484504167,35037.09,1936.2088705666554,0.08044382801664356,0.07628294036061026,0.0,0.0,0.0,0.0,0.16366158113730928,0.8363384188626908,577,12681.46288,857.3559974686201,107743.61521799999,0.4517885375494071,760.3332467085087,22,12111992.546236206,13,6,3,0.0,2,88.28917739109048,1209.244643480524,297.13494811464113,167.74538281871395,0.6608799396167612,0.2514774067207658,31193.0
europe-west12,gcp,ITA,45.0703,7.6869,45.0703,202,193.4103096246375,0.5627999085992841,0.437200091400716,0.052936248000609344,0.4506816970066266,0.0,0.437200091400716,0.14448929849950493,0.11809734176251048,0.08953461802117452,95,25093133.770000003,264138.25021052634,25979.329999999998,319.9842841563409,0.006657789613848202,0.08388814913448735,0.0,0.0,0.0,0.0,0.09587217043941411,0.9041278295605859,656,52440.56439,450.00476517568995,55710.6568,0.35820723362658846,706.4998049415562,9,7813181.918692482,0,9,0,0.0,9,37.407547869098146,543.6019093727826,46.757554765206685,160.0724976233025,0.9643747773423584,0.008193801211257571,0.0
me-central1,gcp,QAT,25.2854,51.531,25.2854,366,468.69526961227155,0.997242140099283,0.0027578599007170436,0.0,0.997242140099283,0.0,0.0027578599007170436,0.0,0.00018385732671446958,0.0,67,162264760.0,2421862.0895522386,66933.43999999999,2419.7334464278742,0.0,0.8873239436619719,0.0,0.0,0.0,0.0,0.9295774647887325,0.07042253521126751,4,125.5,639.4130640477152,253770.692,0.4979592944369064,742.7341146609181,22,342874243.875406,0,9,13,0.0,4,219.6752557569199,2417.5846411763173,468.69526961227155,467.64554668728164,0.11772950245269796,0.8815697266993693,0.0
me-central2,gcp,SAU,26.4207,50.1033,26.4207,382,706.791,0.9979083144500611,0.0020916855499389926,0.0,0.670758734032222,0.0,0.0020916855499389926,0.0,0.002066784531487338,2.4901018451654675e-05,65,165754990.0,2550076.769230769,64625.67,2524.398971264143,0.0,0.8985507246376812,0.0,0.0,0.0,0.0,0.927536231884058,0.07246376811594202,4,1035.5,637.1420068909832,260153.302,0.5221398601398601,741.4212740892224,22,369323102.29387516,0,7,15,0.0,4,499.5535176810001,2559.4826743395734,475.0,472.5907297165421,0.006928406466512702,0.9930715935334873,0.0
me-west1,gcp,ISR,32.0853,34.7818,32.0853,434,573.3103341726666,0.9005401132920564,0.09945988670794362,0.22052430509814253,0.6758002898168884,0.0,0.09945988670794362,0.0002634698985640891,0.09682518772230272,0.0023712290870768014,59,51519548.0,873212.6779661017,31499.85,1576.5989292375677,0.016260162601626018,0.36585365853658536,0.0,0.0,0.0,0.0,0.47154471544715443,0.5284552845528456,64,1177.8000000000002,527.1981055583076,97723.192,0.37806115702479337,798.5123433790924,8,11491921.394965015,1,3,4,0.0,3,328.6847392691746,1472.8774769618121,573.3103341726666,581.4596047272117,0.25214776632302405,0.7401202749140894,4320.0
northamerica-northeast1,gcp,CAN,45.5019,-73.5674,45.5019,5,37.78113468239041,0.19861395495353598,0.8013860450464639,0.050921404945660734,0.14358166640415815,0.14003780122853993,0.6613482438179241,0.5755079540085053,0.011781382894944088,0.06000945030713498,48,11420862.4624,237934.63463333333,6198.3,540.3256120736149,0.0,0.033797216699801194,0.0,0.0,0.0,0.0,0.049701789264413515,0.9502982107355865,455,14938.700000000003,573.0913410933535,19938.98924,0.39764079822616405,132.67201407599134,2,4045637.357154876,0,2,0,0.0,4,1.4274141378889236,365.9620642172279,228.21954138989668,215.01794642790773,0.3324724910513059,0.6143417738300412,459.2
northamerica-northeast2,gcp,CAN,43.6532,-79.3832,43.6532,59,104.20353497775825,0.19861395495353598,0.8013860450464639,0.050921404945660734,0.14358166640415815,0.14003780122853993,0.6613482438179241,0.5755079540085053,0.011781382894944088,0.06000945030713498,72,32332313.301,449059.90695833333,19305.850000000002,636.4259024525151,0.037914691943127965,0.0947867298578199,0.0,0.0,0.0,0.0,0.14691943127962084,0.8530805687203792,350,31497.1,591.230626729656,54692.541509999995,0.3317873900293255,607.656246578621,23,11365855.764360713,14,7,2,0.0,3,10.858376701860887,332.6270854434498,229.74124947732903,249.24715745002334,0.3241853608396148,0.6597044397158004,0.0
northamerica-south1,gcp,MEX,20.5888,-100.3899,20.5888,305,507.245,0.7691175638195507,0.23088243618044943,0.09596988736061583,0.5804041433180507,0.034923869360955456,0.19595856681949397,0.058697005716873266,0.059970566593083155,0.05852719760004529,34,24572085.7,722708.4029411764,12285.869999999999,1615.9711543710052,0.0,0.30303030303030304,0.0,0.0,0.0,0.0,0.33333333333333337,0.6666666666666666,32,2919.9,499.1374709037419,49229.151,0.5808422459893049,678.0101822403612,4,3713645.132203586,0,2,2,0.0,3,257.297490025,1538.2567690810029,,,,,
southamerica-east1,gcp,BRA,-23.5325,-46.7916,23.5325,67,79.55739808445584,0.09283771277938246,0.9071622872206174,0.024103311926862783,0.05350682857062732,0.020345494825990632,0.8868167923946269,0.6047281191284107,0.07252026136459239,0.13424380941697747,68,3057351.0,44961.044117647056,4936.2300000000005,303.2015779349335,0.0,0.049079754601226995,0.0,0.0,0.0,0.0,0.049079754601226995,0.950920245398773,95,5147.329,278.2870015740894,11506.750193999998,0.3584745989304812,606.6400054181006,5,11454506.128509311,0,4,1,0.0,3,6.329379589968577,57.50086077912855,,63.34247106765623,,,
southamerica-west1,gcp,CHL,-33.3584722,-70.6973317,33.3584722,238,207.2311240165068,0.3918191603875134,0.6081808396124866,0.1669656739624447,0.18526492046405932,0.0,0.6081808396124866,0.28585097476378424,0.1991388589881593,0.11816768329147233,29,5695307.93,196389.92862068964,4679.1,542.4175112811027,0.008928571428571428,0.08928571428571429,0.0,0.0,0.0,0.0,0.2142857142857143,0.7857142857142857,83,5820.76,576.2450317332659,9883.5541,0.2505974025974026,703.4823227267557,3,2608303.6740035038,0,2,1,0.0,1,42.944738761144826,476.9145287087146,207.2311240165068,212.98419896646232,0.5967848756698175,0.0,0.0
us-central1,gcp,USA,41.1755951,-95.8028031,41.1755951,413,408.79022743451617,0.5907955896023818,0.4092044103976183,0.1589202292277097,0.42410891846412724,0.18247608288911638,0.2267283275085019,0.05506171967851638,0.05604076205269413,0.10007648768548263,106,45964168.423,433624.2304056604,21756.4,1278.1422575406614,0.08148148148148149,0.2111111111111111,0.0,0.0,0.0,0.0,0.38888888888888895,0.611111111111111,164,14205.3,756.2727518156993,60329.77364999999,0.24565837320574158,984.7517731110846,0,0.0,0,0,0,0.0,2,167.10945004596346,1248.1581504315723,408.79022743451617,454.87096207481943,0.40902741976979495,0.5852721621864055,20279.3
us-central2,gcp,USA,41.2619,-95.8608,41.2619,372,408.79022743451617,0.5907955896023818,0.4092044103976183,0.1589202292277097,0.42410891846412724,0.18247608288911638,0.2267283275085019,0.05506171967851638,0.05604076205269413,0.10007648768548263,103,45903319.443,445663.29556310683,21150.399999999994,1273.6204675430617,0.07971014492753623,0.1956521739130435,0.0,0.0,0.0,0.0,0.3695652173913043,0.6304347826086957,173,14891.2,764.4942045302017,59601.39766,0.2520998023715415,946.1297492570878,0,0.0,0,0,0,10.753012341786672,2,167.10945004596346,1282.2206045764462,408.79022743451617,453.49534611760777,0.40902741976979495,0.5852721621864055,20279.3
us-east1,gcp,USA,33.105486,-80.088472,33.105486,576,402.5899904320549,0.5907955896023818,0.4092044103976183,0.1589202292277097,0.42410891846412724,0.18247608288911638,0.2267283275085019,0.05506171967851638,0.05604076205269413,0.10007648768548263,82,50477430.519999996,615578.4209756097,33867.600000000006,921.255484742298,0.037037037037037035,0.07818930041152264,0.0,0.0,0.0,0.0,0.1337448559670782,0.8662551440329218,404,20924.4,493.6629364399765,102447.44183000001,0.38388537549407115,828.1833406231198,0,0.0,0,0,0,0.0,1,162.07870039608204,880.5419730266289,592.6831180976535,482.96396399127684,0.08934093302355124,0.8739699466795928,3727.3
us-east2,gcp,USA,39.9612,-82.9988,39.9612,340,342.5338228873317,0.5907955896023818,0.4092044103976183,0.1589202292277097,0.42410891846412724,0.18247608288911638,0.2267283275085019,0.05506171967851638,0.05604076205269413,0.10007648768548263,177,158794516.62300003,897144.1617118645,68587.5,2040.7274985060283,0.17365269461077845,0.2904191616766467,0.0,0.0,0.0,0.0,0.5179640718562875,0.48203592814371254,157,9225.199999999999,636.128910313324,250291.227181,0.35942226613965744,765.3764730186833,241,88560934.33319752,225,7,9,0.0,2,117.32941982180994,1367.816294133924,342.5338228873317,377.93650328662704,0.3198857639367726,0.6691322872360081,38745.6
us-east4,gcp,USA,39.0438,-77.4875,39.0438,323,342.5338228873317,0.5907955896023818,0.4092044103976183,0.1589202292277097,0.42410891846412724,0.18247608288911638,0.2267283275085019,0.05506171967851638,0.05604076205269413,0.10007648768548263,242,118484943.50369999,489607.20456074376,72858.5,1178.9206431227358,0.09162717219589257,0.18641390205371247,0.0,0.0,0.0,0.0,0.34123222748815163,0.6587677725118484,391,27644.4,489.3466445005544,240468.69282999999,0.3646977886977887,735.2875328957168,195,99234905.30516618,184,5,6,0.0,4,117.32941982180994,960.7716609081072,342.5338228873317,293.703475729689,0.3198857639367726,0.6691322872360081,38745.6
us-east5,gcp,USA,39.9612,-82.9988,39.9612,323,342.5338228873317,0.5907955896023818,0.4092044103976183,0.1589202292277097,0.42410891846412724,0.18247608288911638,0.2267283275085019,0.05506171967851638,0.05604076205269413,0.10007648768548263,177,158794516.62300003,897144.1617118645,68587.5,2040.7274985060283,0.17365269461077845,0.2904191616766467,0.0,0.0,0.0,0.0,0.5179640718562875,0.48203592814371254,157,9225.199999999999,636.128910313324,250291.227181,0.35942226613965744,765.3764730186833,241,88560934.33319752,225,7,9,0.0,2,117.32941982180994,1367.816294133924,342.5338228873317,377.93650328662704,0.3198857639367726,0.6691322872360081,38745.6
us-south1,gcp,USA,32.7767,-96.797,32.7767,303,339.8410295589627,0.5907955896023818,0.4092044103976183,0.1589202292277097,0.42410891846412724,0.18247608288911638,0.2267283275085019,0.05506171967851638,0.05604076205269413,0.10007648768548263,85,77301065.1,909424.2952941175,46692.0,1393.2789205030874,0.08641975308641975,0.4012345679012346,0.0,0.0,0.0,0.0,0.4876543209876543,0.5123456790123457,77,8789.400000000001,506.71485285465576,152293.028,0.38952848484848485,726.758120828434,17,34360049.34893571,3,4,10,0.0,1,115.49192537169576,978.0932136692923,339.8410295589627,341.3196083972873,0.437650936728738,0.4865472160444306,14329.7
us-west1,gcp,USA,45.6317898,-121.2009427,45.6317898,79,180.45167176608044,0.5907955896023818,0.4092044103976183,0.1589202292277097,0.42410891846412724,0.18247608288911638,0.2267283275085019,0.05506171967851638,0.05604076205269413,0.10007648768548263,33,11745656.677000001,355928.9902121212,7405.3,343.6311599134022,0.008849557522123894,0.084070796460177,0.0,0.0,0.0,0.0,0.09292035398230089,0.9070796460176991,193,26775.7,369.3573106776911,32350.98157,0.5843163636363636,32.81638456923369,1,259222.2829512013,0,1,0,0.0,4,32.56280584317323,937.0696881632571,213.79341917878423,247.1430229745012,0.36968327966549724,0.5083145095400587,0.0
us-west2,gcp,USA,34.0522,-118.2437,34.0522,169,175.24533137327043,0.5907955896023818,0.4092044103976183,0.1589202292277097,0.42410891846412724,0.18247608288911638,0.2267283275085019,0.05506171967851638,0.05604076205269413,0.10007648768548263,156,26967946.8874,172871.45440641025,29044.019999999997,547.2989317299657,0.0027137042062415195,0.19810040705563092,0.0,0.0,0.0,0.0,0.20217096336499318,0.7978290366350068,581,20230.6,417.08523083785826,65349.99121,0.2757609970674487,666.7502760597074,34,26991963.70502423,0,10,24,0.0,1,30.71092616812736,548.5653873570946,328.1526183665935,296.21358113489123,0.4174601291825269,0.5405393747910758,0.0
us-west3,gcp,USA,40.7608,-111.891,40.7608,555,622.5666794114003,0.5907955896023818,0.4092044103976183,0.1589202292277097,0.42410891846412724,0.18247608288911638,0.2267283275085019,0.05506171967851638,0.05604076205269413,0.10007648768548263,30,30473366.2,1015778.8733333333,10965.599999999999,2251.4825634660283,0.09166666666666666,0.14166666666666666,0.0,0.0,0.0,0.0,0.23333333333333334,0.7666666666666666,90,2569.2000000000003,722.8850815326623,42027.70020000001,0.401959595959596,711.538242715665,19,18720462.406043246,9,6,4,0.0,1,387.5892703133373,1641.818993151154,622.5666794114003,512.2744442330841,0.40049518506686144,0.5959335493587696,5824.3
us-west4,gcp,USA,36.1699,-115.1398,36.1699,357,377.80878480583783,0.5907955896023818,0.4092044103976183,0.1589202292277097,0.42410891846412724,0.18247608288911638,0.2267283275085019,0.05506171967851638,0.05604076205269413,0.10007648768548263,35,12084755.25,345278.72142857144,12001.8,532.9268241592506,0.00816326530612245,0.1306122448979592,0.0,0.0,0.0,0.0,0.14285714285714285,0.8571428571428572,210,10674.400000000001,359.9081862277362,34338.69090000001,0.3270967741935484,663.8209273532336,2,12738.1957221187,1,1,0,0.0,1,142.73947787646387,594.87911006051,328.1526183665935,386.8848025693145,0.4174601291825269,0.5405393747910758,0.0
us-east-1,aws,USA,39.0067,-77.4291,39.0067,380,342.5338228873317,0.5907955896023818,0.4092044103976183,0.1589202292277097,0.42410891846412724,0.18247608288911638,0.2267283275085019,0.05506171967851638,0.05604076205269413,0.10007648768548263,236,113221790.50369999,479753.3495919491,70536.0,1153.0594546803472,0.0877742946708464,0.1786833855799373,0.0,0.0,0.0,0.0,0.329153605015674,0.670846394984326,402,27656.5,481.41691615941824,233496.94183,0.36446161616161615,712.3395093595665,189,96058665.79895481,178,5,6,0.0,4,117.32941982180994,948.3233310149537,342.5338228873317,241.53638030245932,0.3198857639367726,0.6691322872360081,38745.6
us-east-2,aws,USA,40.1025,-83.1406,40.1025,411,342.5338228873317,0.5907955896023818,0.4092044103976183,0.1589202292277097,0.42410891846412724,0.18247608288911638,0.2267283275085019,0.05506171967851638,0.05604076205269413,0.10007648768548263,183,158848389.023,868023.9837322404,68650.3,2041.9866671508694,0.17151162790697674,0.2877906976744186,0.0,0.0,0.0,0.0,0.5203488372093024,0.47965116279069764,161,9140.8,636.0873216044076,250392.28518099998,0.3542809917355371,705.6339903604197,171,84328713.5527694,156,7,8,0.0,2,117.32941982180994,1367.0286604753626,342.5338228873317,388.88639053112064,0.3198857639367726,0.6691322872360081,38745.6
us-west-1,aws,USA,37.3541,-121.9552,37.3541,210,175.24533137327043,0.5907955896023818,0.4092044103976183,0.1589202292277097,0.42410891846412724,0.18247608288911638,0.2267283275085019,0.05506171967851638,0.05604076205269413,0.10007648768548263,95,12256338.871240001,129014.09338147369,14780.900000000001,379.28999196135413,0.0,0.16255144032921812,0.0,0.0,0.0,0.0,0.16872427983539096,0.831275720164609,391,17533.0,342.6941810244292,36080.921089999996,0.3088674698795181,724.0312563999291,12,12182957.78760463,0,5,7,0.0,2,30.71092616812736,489.88836605354385,314.34456020128954,296.48907511785626,0.23133126934984521,0.7686687306501548,0.0
us-west-2,aws,USA,45.8399,-119.7006,45.8399,79,180.45167176608044,0.5907955896023818,0.4092044103976183,0.1589202292277097,0.42410891846412724,0.18247608288911638,0.2267283275085019,0.05506171967851638,0.05604076205269413,0.10007648768548263,32,10888994.677000001,340281.08365625003,6794.7,254.43775926890876,0.008733624454148471,0.08733624454148471,0.0,0.0,0.0,0.0,0.09606986899563319,0.9039301310043668,197,36001.600000000006,380.55236469139777,29148.11857,0.5598181818181819,713.2493994424357,1,259222.2829512013,0,1,0,0.0,4,32.56280584317323,946.7923573337179,440.9088502777215,397.510456108504,0.0,1.0,0.0
af-south-1,aws,ZAF,-33.9221,18.4231,33.9221,928,860.8585611812015,0.8347273921611562,0.16527260783884387,0.8114298226406832,0.0,0.03573461791110138,0.1295379899277425,0.008583315086490037,0.068184804028903,0.05088679658419093,2,611591.0,305795.5,1509.3,141.3236928636955,0.0,0.0,0.0,0.0,0.0,0.0,0.11764705882352941,0.8823529411764706,15,2818.29,764.1153700584621,800.391,0.06618181818181817,373.871929966657,1,791580.8424132173,0,1,0,0.0,2,741.0774623589684,338.24406049111093,,860.8585611812015,,,
ap-east-1,aws,CHN,22.3193,114.1694,22.3193,710,482.1199897537342,0.6472405252236092,0.352759474776391,0.6069512526441422,0.03251726554744974,0.045955480100088916,0.3068039946763021,0.1316304406427763,0.061752147820360086,0.09364782194577145,171,272233277.0,1592007.4678362573,121133.12,1960.1158487027376,0.22580645161290322,0.30414746543778803,0.0,0.0,0.0,0.0,0.5483870967741936,0.4516129032258064,46,17753.2,706.6015412539917,385283.084,0.45471165644171774,857.3500619245406,8,19487167.730805922,0,5,3,0.0,3,232.4396845201408,1454.6014268337535,482.1199897537342,482.1322457374332,0.0,1.0,2875.0
ap-south-1,aws,IND,19.076,72.8777,19.076,708,891.9451189752027,0.7803750190558463,0.21962498094415364,0.7523044870166167,0.02605823466639565,0.024488032928502462,0.19513694801565118,0.0758117790538137,0.057629960871995525,0.04171959957314904,69,35998937.6,521723.73333333334,19101.34,1405.5776372245425,0.15942028985507245,0.15217391304347827,0.0,0.0,0.0,0.0,0.35507246376811596,0.644927536231884,69,6510.150000000001,736.2514126862898,48842.784,0.35163636363636364,890.4184973713816,9,22588352.96907689,6,2,1,0.0,4,795.5660952636885,1470.7173222187669,891.9451189752027,848.4493024038958,0.4194914594028014,0.561813774730314,84386.0
ap-south-2,aws,IND,17.366,78.476,17.366,708,668.7927268258651,0.7803750190558463,0.21962498094415364,0.7523044870166167,0.02605823466639565,0.024488032928502462,0.19513694801565118,0.0758117790538137,0.057629960871995525,0.04171959957314904,52,101632613.3,1954473.3326923077,25404.3,2868.328219413141,0.12,0.0036363636363636364,0.0,0.0,0.0,0.0,0.12363636363636363,0.8763636363636363,223,10028.4,918.9011243234379,110598.8103,0.5205874125874126,461.58926488827444,61,8299691.657131059,60,0,1,0.0,1,447.28371145517616,3121.973545450296,668.7927268258651,764.4396712319295,0.5735712169097862,0.395782728674481,41357.5
ap-northeast-1,aws,JPN,35.6764,139.65,35.6764,460,609.6311879291164,0.6852917090112579,0.31470829098874215,0.32305551992580245,0.3284427386014938,0.07640773154680269,0.23830055944193942,0.07280638572880387,0.10790224072776786,0.009008297895432706,113,196489294.7,1738843.3159292035,91218.89000000001,1546.306410107996,0.1037037037037037,0.17407407407407408,0.0,0.0,0.0,0.0,0.3,0.7,157,35851.2,578.5049719033601,339648.405,0.5957628099173555,737.1283257755413,13,15753652.465127012,0,11,2,0.0,3,371.6501852958657,1476.1469314895155,609.6311879291164,601.3818225226381,0.2526109077925556,0.7424796929393912,8370.0
ap-northeast-2,aws,KOR,37.5503,126.9971,37.5503,415,469.4018298906225,0.6166821341930021,0.38331786580699784,0.3299630407528615,0.27553362965857464,0.293866718767808,0.08945114703918981,0.006024194467510053,0.04781907878669467,0.005552027874110617,96,195774351.0,2039316.15625,85342.42,1863.4833065989658,0.18238993710691823,0.3018867924528302,0.0,0.0,0.0,0.0,0.48427672955974843,0.5157232704402516,63,19715.86,705.0897087163331,277651.3,0.5118995215311005,719.0008154186407,19,14633674.659280675,14,5,0,0.0,3,220.33807790466489,1414.6604302400835,469.4018298906225,467.364140853483,0.3675186023940472,0.615140731154966,41200.0
ap-northeast-3,aws,JPN,34.6937,135.5023,34.6937,460,409.8111703301701,0.6852917090112579,0.31470829098874215,0.32305551992580245,0.3284427386014938,0.07640773154680269,0.23830055944193942,0.07280638572880387,0.10790224072776786,0.009008297895432706,93,134489411.4,1446122.7032258066,60268.61,1437.8679497093622,0.14222222222222222,0.12,0.0,0.0,0.0,0.0,0.3155555555555556,0.6844444444444444,132,33265.3,630.3018223803772,213367.998,0.5699793388429752,719.6528183640854,8,9334500.914129574,0,8,0,0.0,3,167.9451953273837,1529.2285417271803,409.8111703301701,412.21827593238794,0.4639711219665313,0.5360288780334687,2301.0
ap-southeast-1,aws,SGP,1.3521,103.8198,1.3521,408,480.3993473515311,0.9546485260770975,0.045351473922902494,0.009942438513867084,0.9256933542647828,0.0,0.045351473922902494,0.0,0.016396302110587825,0.0,48,72943061.5,1519647.1145833333,36363.28,1996.3190205036951,0.13559322033898305,0.4745762711864407,0.0,0.0,0.0,0.0,0.6610169491525424,0.3389830508474576,11,175.5,539.373134571594,135236.67119999998,0.45400000000000007,752.063312075297,16,31586983.218917254,4,10,2,0.0,4,230.78353293577703,1914.980885897149,480.3993473515311,480.409442299744,0.09438567941415785,0.9023596419853539,210.0
ap-southeast-2,aws,AUS,-33.8688,151.2093,33.8688,510,654.211783491909,0.6392738913747317,0.36072610862526827,0.46389464876859837,0.1556258867183237,0.0,0.36072610862526827,0.057332023718578345,0.1706500782131034,0.12052093564698609,15,40361382.3952,2690758.8263466666,10312.66,3441.319865967058,0.14634146341463414,0.14634146341463414,0.0,0.0,0.0,0.0,0.3414634146341463,0.6585365853658537,26,1415.8,966.1245996692704,41776.909291,0.31116969696969693,870.1983254998911,38,36060786.8926296,37,0,1,0.0,6,427.9930576596645,2501.9711679666634,654.211783491909,589.6882141423332,0.5465120643200854,0.37600667992321535,8270.0
ap-southeast-3,aws,IDN,-6.1944,106.8229,6.1944,580,771.976930622075,0.8038915872159262,0.1961084127840739,0.6155483600167897,0.17002458475745041,0.0,0.1961084127840739,0.08184925346285304,0.0013191821070936021,0.0010793308148947653,35,65132290.7,1860922.5914285716,26799.56,2167.0442097404098,0.40384615384615385,0.21153846153846154,0.0,0.0,0.0,0.0,0.6730769230769231,0.32692307692307687,17,3256.26,823.9892572885839,79045.058,0.36558441558441557,749.9082123855401,10,7103110.408152254,5,2,3,0.0,3,595.94838141268,1953.7373206810898,,480.3993473515311,,,
ap-southeast-4,aws,AUS,-37.8136,144.9631,37.8136,454,600.2492651311627,0.6392738913747317,0.36072610862526827,0.46389464876859837,0.1556258867183237,0.0,0.36072610862526827,0.057332023718578345,0.1706500782131034,0.12052093564698609,15,27900782.303000003,1860052.1535333334,7288.38,2596.356297848621,0.09803921568627451,0.17647058823529413,0.0,0.0,0.0,0.0,0.27450980392156865,0.7254901960784313,36,3457.7499999999995,962.712947529196,29003.893709999997,0.28066233766233767,947.1442512263812,6,3393246.626155391,2,2,2,0.0,3,360.2991802905009,2447.216209258856,600.2492651311627,560.0790757658634,0.6138304450351334,0.32752716183311964,4690.0
ap-southeast-5,aws,MYS,3.1319,101.6841,3.1319,550,743.5400949112224,0.8089900049699045,0.19100999503009555,0.4218344469600751,0.3774366337180407,0.0,0.19100999503009555,0.16963940582031034,0.015020155723673313,0.0,48,91440123.2,1905002.5666666667,34505.89,2449.2196926212,0.1,0.37142857142857144,0.0,0.0,0.0,0.0,0.4857142857142857,0.5142857142857142,22,2828.5,691.4772212570538,132238.6772,0.42523517786561277,820.2459801557652,11,21184174.41714135,1,8,2,0.0,2,552.8518727405896,2143.81213531999,743.5400949112224,720.9763374892929,0.11529712256056192,0.8847028774394381,12054.0
ap-southeast-6,aws,NZL,-36.8485,174.7633,36.8485,100,117.43817568837122,0.12668463611859837,0.8733153638814016,0.03975741239892183,0.07300089847259658,0.0,0.8733153638814016,0.5849056603773585,0.0047169811320754715,0.07794249775381851,10,1685788.0,168578.8,1484.6,507.00390977443607,0.037037037037037035,0.18518518518518517,0.0,0.0,0.0,0.0,0.2222222222222222,0.7777777777777778,17,1840.4,432.33319722605796,3899.289,0.41515454545454544,652.2063839721915,4,769824.725111362,2,1,1,0.0,2,13.791725109012745,143.85251202552857,,117.43817568837122,,,
ap-southeast-7,aws,THA,13.7563,100.5018,13.7563,500,386.72289544477627,0.843823822772849,0.15617617722715102,0.1597984146149404,0.6793007506955746,0.0,0.15617617722715102,0.03464748805711586,0.02624809701296656,0.021838416714788176,125,64869700.0,518957.6,44721.0,1356.5447785227038,0.04072398190045249,0.33031674208144796,0.0,0.0,0.0,0.0,0.37104072398190047,0.6289592760180995,96,3098.7999999999997,477.92009110720545,135733.291,0.38126686217008793,755.9830597674761,9,12280041.533943722,1,6,2,0.0,2,149.55459786119135,1224.00210720082,386.72289544477627,385.035323825324,0.142226148409894,0.7809187279151943,6140.0
ca-central-1,aws,CAN,45.5019,-73.5674,45.5019,3,37.78113468239041,0.19861395495353598,0.8013860450464639,0.050921404945660734,0.14358166640415815,0.14003780122853993,0.6613482438179241,0.5755079540085053,0.011781382894944088,0.06000945030713498,48,11420862.4624,237934.63463333333,6198.3,540.3256120736149,0.0,0.033797216699801194,0.0,0.0,0.0,0.0,0.049701789264413515,0.9502982107355865,455,14938.700000000003,573.0913410933535,19938.98924,0.39764079822616405,132.67201407599134,2,4045637.357154876,0,2,0,0.0,4,1.4274141378889236,365.9620642172279,228.21954138989668,215.01794642790773,0.3324724910513059,0.6143417738300412,459.2
ca-west-1,aws,CAN,51.0447,-114.0719,51.0447,420,407.51325149264665,0.19861395495353598,0.8013860450464639,0.050921404945660734,0.14358166640415815,0.14003780122853993,0.6613482438179241,0.5755079540085053,0.011781382894944088,0.06000945030713498,16,16182460.0,1011403.75,6830.6,1327.7698007007064,0.06097560975609756,0.10975609756097561,0.0,0.0,0.0,0.0,0.17073170731707316,0.8292682926829269,66,5357.1,650.4684679206736,24877.794,0.4355965909090909,716.7708564165032,10,7797886.578977929,7,1,2,0.0,1,166.06705014210908,470.5388079345003,116.57136261009609,216.72104427555544,0.8844166459618382,0.1043127257276397,729.9
eu-central-1,aws,DEU,50.1109,8.6821,50.1109,338,297.13494811464113,0.4585669288218863,0.5414330711781137,0.2681313021256364,0.15055765763981063,0.01733394084668872,0.524099130331425,0.03859030487925672,0.12195170268824661,0.2719744844390737,268,100849522.88506,376304.18986962683,57694.020000000004,1040.56556325449,0.09346846846846847,0.134009009009009,0.0,0.0,0.0,0.0,0.23873873873873874,0.7612612612612613,620,39223.97003,741.5383172946938,135775.644161,0.4208130498533724,938.2220971492322,18,23233919.35009113,7,8,3,0.0,7,88.28917739109048,801.5779795298455,297.13494811464113,238.68613686228358,0.6608799396167612,0.2514774067207658,31193.0
eu-central-2,aws,CHE,47.3769,8.5417,47.3769,15,46.757554765206685,0.024262942587106786,0.9757370574128932,0.0,0.0070531809846240655,0.3412328960361123,0.6345041613767809,0.5438002539145154,0.059105656651149675,0.0023980815347721825,148,39918562.2982,269720.01552837837,34208.16,482.0233742216396,0.03176470588235294,0.09294117647058824,0.0,0.0,0.0,0.0,0.1341176470588235,0.8658823529411765,702,48606.41795,563.435330890752,70749.650293,0.3922501567398119,180.03376428311105,9,9751341.513482872,0,7,2,0.0,11,2.186268927621302,28.313179814438193,46.757554765206685,65.91161132269532,0.9643747773423584,0.008193801211257571,0.0
eu-north-1,aws,SWE,59.3327,18.0656,59.3327,8,28.859880960239266,0.017492185621543643,0.9825078143784564,6.011060351045925e-05,0.0009016590526568887,0.29093532099062275,0.6915724933878337,0.3971507573936042,0.014907429670593894,0.2087040153883145,39,600933.76,15408.55794871795,3746.82,48.295236166430385,0.05813953488372093,0.023255813953488372,0.0,0.0,0.0,0.0,0.18604651162790697,0.813953488372093,47,8696.1,87.96991294021643,6640.729,0.24801435406698563,941.2870803951374,1,484242.8200463007,0,1,0,0.0,3,0.832892729039181,2.805484351042259,37.503168363520466,33.367735742147644,0.6584366155948083,0.3415633844051918,0.0
eu-south-1,aws,ITA,45.4685,9.1824,45.4685,233,193.4103096246375,0.5627999085992841,0.437200091400716,0.052936248000609344,0.4506816970066266,0.0,0.437200091400716,0.14448929849950493,0.11809734176251048,0.08953461802117452,98,29722549.512000002,303291.32155102043,28732.49,425.81732393566995,0.011494252873563218,0.10344827586206896,0.0,0.0,0.0,0.0,0.12315270935960591,0.8768472906403941,511,41068.68492,466.1589386621669,63706.70349,0.3732376893939395,644.462949045921,6,3459581.393796007,0,6,0,0.0,8,37.407547869098146,582.1927771902573,193.4103096246375,169.24873262278928,0.5445410088331772,0.3883750349110384,1000.0
eu-south-2,aws,ESP,41.7737,-0.8247,41.7737,89,116.88788455105912,0.28867469879518076,0.7113253012048193,0.014457831325301205,0.23443929564411492,0.21056533827618165,0.5007599629286377,0.07417979610750695,0.1671177015755329,0.23773864689527338,56,9060455.4,161793.84642857144,14229.18,249.27920372906513,0.005813953488372093,0.08139534883720931,0.0,0.0,0.0,0.0,0.09108527131782945,0.9089147286821706,460,22117.43562,420.63070416752004,21493.5535,0.28224915824915825,451.8508353542788,7,6333181.846791739,0,4,3,0.0,3,13.662777554821725,183.81412235576252,116.88788455105912,266.987449615592,0.73698419425217,0.25031784150303715,1820.0
eu-west-1,aws,IRL,53.3498,-6.2603,53.3498,296,289.2150283215483,0.5631562201718103,0.43684377982818967,0.036271078587336934,0.4998409163219854,0.0,0.43684377982818967,0.02990773146675151,0.017181037225580658,0.35762010817690104,75,16395453.7,218606.04933333333,16481.050000000003,449.386166077754,0.014792899408284023,0.0650887573964497,0.0,0.0,0.0,0.0,0.08727810650887573,0.9127218934911243,601,20003.05863,388.61037650887823,42049.372,0.4335080213903743,731.9483671517365,5,4475952.449179987,1,3,1,0.0,3,83.64533260703398,560.2314011360878,289.2150283215483,331.0822266578451,0.5170499603489295,0.47581284694686754,920.0
eu-west-2,aws,GBR,51.5072,-0.1276,51.5072,207,172.0639348530819,0.3991618113053256,0.6008381886946744,0.013833520733244743,0.3424988926368871,0.14068622440287573,0.4601519642917987,0.017820027939623156,0.046032232784762685,0.28096357627176394,202,43051027.919952005,213123.9005938218,41664.11,533.1572301438126,0.01290719114935464,0.06146281499692686,0.0,0.0,0.0,0.0,0.08358942839582054,0.9164105716041795,1425,39083.229595,379.00764265690054,113508.872612,0.4764397129186603,624.4159030513232,11,18417085.282112166,1,8,2,0.0,7,29.605997677125607,412.4491386731694,172.0639348530819,228.4159103888954,0.5685192684079098,0.3414152662482284,0.0
eu-west-3,aws,FRA,48.8575,2.3514,48.8575,56,44.250522630363314,0.08422322071152089,0.9157767792884792,0.004201435490459242,0.061134776604228676,0.652875843691039,0.26290093559744027,0.1034603489525588,0.04524323588337127,0.09455174962556653,77,9389333.741452001,121939.39923963638,11637.34,147.83179103263868,0.02295552367288379,0.04878048780487805,0.0,0.0,0.0,0.0,0.08608321377331421,0.9139167862266858,620,51876.29043,433.2988989240722,21832.082123,0.343098814229249,763.2207673767255,4,5006755.708187272,0,3,1,0.0,7,1.9581087530602959,67.95366707859718,44.250522630363314,115.19314494836172,0.8611944552607556,0.11616612543440727,1813.25
il-central-1,aws,ISR,32.0853,34.7818,32.0853,434,573.3103341726666,0.9005401132920564,0.09945988670794362,0.22052430509814253,0.6758002898168884,0.0,0.09945988670794362,0.0002634698985640891,0.09682518772230272,0.0023712290870768014,59,51519548.0,873212.6779661017,31499.85,1576.5989292375677,0.016260162601626018,0.36585365853658536,0.0,0.0,0.0,0.0,0.47154471544715443,0.5284552845528456,64,1177.8000000000002,527.1981055583076,97723.192,0.37806115702479337,798.5123433790924,8,11491921.394965015,1,3,4,0.0,3,328.6847392691746,1472.8774769618121,573.3103341726666,581.4596047272117,0.25214776632302405,0.7401202749140894,4320.0
me-south-1,aws,BHR,26.0667,50.5577,26.0667,490,475.0,0.9997186268992685,0.0002813731007315701,0.0,0.9997186268992685,0.0,0.0002813731007315701,0.0,0.0002813731007315701,0.0,67,172668300.0,2577138.805970149,69836.17,2471.92801546477,0.0,0.927536231884058,0.0,0.0,0.0,0.0,0.9565217391304348,0.04347826086956519,2,15.5,635.9118697931469,271528.002,0.5158928086838535,742.0495039781637,23,369588143.4864093,0,8,15,0.0,4,225.625,2471.78096658266,475.0,474.9236640368727,0.006928406466512702,0.9930715935334873,0.0
me-central-1,aws,ARE,25.2048,55.2708,25.2048,404,344.3552369466298,0.8250613933048985,0.17493860669510145,0.0,0.8250613933048985,0.12989530825901513,0.045043298436086336,0.0,0.044978673904614186,0.0,46,95294041.0,2071609.5869565217,55493.84,1690.9946331962472,0.018518518518518517,0.7407407407407407,0.0,0.0,0.0,0.0,0.7962962962962963,0.20370370370370372,8,860.0,647.3706760878646,147202.1148,0.36486758893280635,742.3400186693265,16,122121119.29006131,0,11,5,0.0,3,118.58052921256957,1416.795706354329,344.3552369466298,374.93399907884697,0.2189315838800375,0.7808809746954077,0.0
mx-central-1,aws,MEX,20.5888,-100.3899,20.5888,305,507.245,0.7691175638195507,0.23088243618044943,0.09596988736061583,0.5804041433180507,0.034923869360955456,0.19595856681949397,0.058697005716873266,0.059970566593083155,0.05852719760004529,34,24572085.7,722708.4029411764,12285.869999999999,1615.9711543710052,0.0,0.30303030303030304,0.0,0.0,0.0,0.0,0.33333333333333337,0.6666666666666666,32,2919.9,499.1374709037419,49229.151,0.5808422459893049,678.0101822403612,4,3713645.132203586,0,2,2,0.0,3,257.297490025,1538.2567690810029,,,,,
sa-east-1,aws,BRA,-23.5558,-46.6396,23.5558,62,79.55739808445584,0.09283771277938246,0.9071622872206174,0.024103311926862783,0.05350682857062732,0.020345494825990632,0.8868167923946269,0.6047281191284107,0.07252026136459239,0.13424380941697747,67,3749421.0,55961.50746268657,5340.73,345.4780399137591,0.0,0.07407407407407407,0.0,0.0,0.0,0.0,0.07407407407407407,0.9259259259259259,95,5512.119,317.08589195027963,12281.38309,0.35259565807327,635.0542991950781,5,11454506.128509311,0,4,1,0.0,3,6.329379589968577,65.1760470735246,,63.342471067656234,,,
eastus,azure,USA,38.75408328,-78.13476563,38.75408328,379,342.5338228873317,0.5907955896023818,0.4092044103976183,0.1589202292277097,0.42410891846412724,0.18247608288911638,0.2267283275085019,0.05506171967851638,0.05604076205269413,0.10007648768548263,226,127079247.7697,562297.5565030974,72647.6,1274.4488715093603,0.10580204778156997,0.1825938566552901,0.0,0.0,0.0,0.0,0.3447098976109215,0.6552901023890785,360,27065.5,533.8922395888031,236482.33344,0.3684269005847953,677.3561568157786,212,116657212.91607061,198,6,8,0.0,4,117.32941982180994,1033.4527102385634,342.5338228873317,241.952423535895,0.3198857639367726,0.6691322872360081,38745.6
eastus2,azure,USA,36.66841892,-81.12304688,36.66841892,379,342.5338228873317,0.5907955896023818,0.4092044103976183,0.1589202292277097,0.42410891846412724,0.18247608288911638,0.2267283275085019,0.05506171967851638,0.05604076205269413,0.10007648768548263,87,80178476.82,921591.6875862068,44549.2,1168.6172191395676,0.04642857142857143,0.08035714285714286,0.0,0.0,0.0,0.0,0.14107142857142857,0.8589285714285715,473,24060.5,574.1387543207852,139546.81932999997,0.3565958230958231,587.3565806539574,344,49795249.8878927,340,1,3,0.0,1,117.32941982180994,1063.298341750083,282.73604577823875,240.94247509222217,0.45004786034151534,0.545962662239864,2590.0
centralus,azure,USA,41.4509614,-94.55932617,41.4509614,426,429.02672353625,0.5907955896023818,0.4092044103976183,0.1589202292277097,0.42410891846412724,0.18247608288911638,0.2267283275085019,0.05506171967851638,0.05604076205269413,0.10007648768548263,125,57777423.956,462219.391648,25149.199999999997,1394.4279273552233,0.0783132530120482,0.1927710843373494,0.0,0.0,0.0,0.0,0.3734939759036145,0.6265060240963856,207,16285.3,771.1146673056761,74492.26139000001,0.24949188311688308,44.013170225591324,0,0.0,0,0,0,0.0,2,184.0639295082499,1357.2856095538546,565.4987304643007,469.5501984917397,0.15367610568897846,0.8457223634148909,2481.7
northcentralus,azure,USA,41.8781,-87.6298,41.8781,411,342.5338228873317,0.5907955896023818,0.4092044103976183,0.1589202292277097,0.42410891846412724,0.18247608288911638,0.2267283275085019,0.05506171967851638,0.05604076205269413,0.10007648768548263,197,75513031.79609999,383314.8822137055,50812.399999999994,952.4444183284269,0.11597938144329897,0.34536082474226804,0.0,0.0,0.0,0.0,0.49742268041237114,0.5025773195876289,191,28471.0,533.0402426873728,141467.63384999998,0.3176903945111492,841.8911675611305,5,8205164.005811295,2,3,0,0.0,1,117.32941982180994,877.9897454684349,429.02672353625,507.220789222406,0.3350779857192243,0.6482523819474781,46306.2
southcentralus,azure,USA,29.55434513,-96.87744141,29.55434513,373,339.8410295589627,0.5907955896023818,0.4092044103976183,0.1589202292277097,0.42410891846412724,0.18247608288911638,0.2267283275085019,0.05506171967851638,0.05604076205269413,0.10007648768548263,127,106505704.97,838627.5981889764,60150.09999999999,1600.410298727254,0.07027027027027027,0.5945945945945946,0.0,0.0,0.0,0.0,0.664864864864865,0.33513513513513504,58,6398.9,508.2127462076873,209492.121,0.36948824451410656,788.3039229697913,38,107924863.16902238,3,25,10,0.0,1,115.49192537169576,1046.1013491875904,339.8410295589627,329.31562536258207,0.437650936728738,0.4865472160444306,14329.7
westus,azure,USA,37.3382,-121.8906,37.3382,210,175.24533137327043,0.5907955896023818,0.4092044103976183,0.1589202292277097,0.42410891846412724,0.18247608288911638,0.2267283275085019,0.05506171967851638,0.05604076205269413,0.10007648768548263,96,12272657.871240001,127840.18615875002,14793.3,378.90151222873664,0.0,0.16194331983805668,0.0,0.0,0.0,0.0,0.1680161943319838,0.8319838056680162,398,17596.8,342.8015200634585,36117.228090000004,0.30954329004329006,691.652933238235,12,12182957.78760463,0,5,7,0.0,2,30.71092616812736,490.12946016288106,314.34456020128954,298.0058403006602,0.23133126934984521,0.7686687306501548,0.0
westus2,azure,USA,47.2868352,-120.212613,47.2868352,79,116.57136261009609,0.5907955896023818,0.4092044103976183,0.1589202292277097,0.42410891846412724,0.18247608288911638,0.2267283275085019,0.05506171967851638,0.05604076205269413,0.10007648768548263,45,13603689.677000001,302304.2150444445,9085.0,288.19727848195123,0.008968609865470852,0.13004484304932734,0.0,0.0,0.0,0.0,0.1390134529147982,0.8609865470852018,178,38117.700000000004,361.88573605452444,38153.25857,0.5206464646464646,41.59151029149156,5,7075442.35065723,0,5,0,0.0,4,13.58888258077451,884.6450042367694,54.41887470954453,44.109193545331046,1.0,0.0,0.0
westus3,azure,USA,34.395342,-111.763275,34.395342,322,347.575747617203,0.5907955896023818,0.4092044103976183,0.1589202292277097,0.42410891846412724,0.18247608288911638,0.2267283275085019,0.05506171967851638,0.05604076205269413,0.10007648768548263,28,27903489.16,996553.1842857143,19354.499999999996,981.2077952310123,0.032,0.184,0.0,0.0,0.0,0.0,0.216,0.784,97,9083.400000000001,438.1537333418848,63900.830879999994,0.36598316498316497,556.2123129332648,0,0.0,0,0,0,0.0,1,120.80890033165758,851.7532527446264,347.575747617203,347.57362191726753,0.316190862532326,0.44242178388519854,1636.2
canadacentral,azure,CAN,43.6534817,-79.3839347,43.6534817,47,104.20353497775825,0.19861395495353598,0.8013860450464639,0.050921404945660734,0.14358166640415815,0.14003780122853993,0.6613482438179241,0.5755079540085053,0.011781382894944088,0.06000945030713498,72,32332313.301,449059.90695833333,19305.850000000002,636.5762660670848,0.03800475059382423,0.09501187648456057,0.0,0.0,0.0,0.0,0.14726840855106887,0.8527315914489311,349,31485.1,591.230626729656,54692.541509999995,0.3317873900293255,605.0998417293687,23,11365855.764360713,14,7,2,0.0,3,10.858376701860887,332.6270854434498,229.74124947732903,249.25432448996884,0.3241853608396148,0.6597044397158004,0.0
canadaeast,azure,CAN,46.8259601,-71.2352226,46.8259601,3,37.78113468239041,0.19861395495353598,0.8013860450464639,0.050921404945660734,0.14358166640415815,0.14003780122853993,0.6613482438179241,0.5755079540085053,0.011781382894944088,0.06000945030713498,35,3030569.3,86587.69428571429,2853.75,201.43967749118448,0.0,0.03347280334728033,0.0,0.0,0.0,0.0,0.050209205020920494,0.9497907949790795,204,12190.800000000001,330.08237963006843,9197.01,0.47531118881118883,106.9054024462149,2,4045637.357154876,0,2,0,0.0,4,1.4274141378889236,210.9201417201118,228.21954138989668,252.87082869070545,0.3324724910513059,0.6143417738300412,459.2
northeurope,azure,IRL,53.3498,-6.2603,53.3498,296,289.2150283215483,0.5631562201718103,0.43684377982818967,0.036271078587336934,0.4998409163219854,0.0,0.43684377982818967,0.02990773146675151,0.017181037225580658,0.35762010817690104,75,16395453.7,218606.04933333333,16481.050000000003,449.386166077754,0.014792899408284023,0.0650887573964497,0.0,0.0,0.0,0.0,0.08727810650887573,0.9127218934911243,601,20003.05863,388.61037650887823,42049.372,0.4335080213903743,731.9483671517365,5,4475952.449179987,1,3,1,0.0,3,83.64533260703398,560.2314011360878,289.2150283215483,331.0822266578451,0.5170499603489295,0.47581284694686754,920.0
westeurope,azure,NLD,52.7570829,5.0369813,52.7570829,328,194.8304160052528,0.48890708145722467,0.5110929185427753,0.06917724109701186,0.37740483012689313,0.03274662300450266,0.47834629553827257,0.0004911993450675399,0.1731477691363078,0.2371674171101105,229,85007443.261952,371211.5426286113,58767.98,960.3197061835892,0.1258426966292135,0.2696629213483146,0.0,0.0,0.0,0.0,0.4202247191011236,0.5797752808988764,216,29751.96051,594.6900950421135,142780.49676200002,0.3804616407982262,690.5529974952242,25,36379859.36082031,3,13,9,0.0,5,37.95889100077987,707.2004344430686,194.8304160052528,188.3726912151894,0.6237600303279206,0.35903835218297847,4012.0
francecentral,azure,FRA,48.8566969,2.3514616,48.8566969,51,44.250522630363314,0.08422322071152089,0.9157767792884792,0.004201435490459242,0.061134776604228676,0.652875843691039,0.26290093559744027,0.1034603489525588,0.04524323588337127,0.09455174962556653,77,9389333.741452001,121939.39923963638,11637.34,147.83179103263868,0.02295552367288379,0.04878048780487805,0.0,0.0,0.0,0.0,0.08608321377331421,0.9139167862266858,620,51876.29043,433.2988989240722,21832.082123,0.343098814229249,761.7585804336801,4,5006755.708187272,0,3,1,0.0,7,1.9581087530602959,67.95366707859718,44.250522630363314,115.16762593645824,0.8611944552607556,0.11616612543440727,1813.25
francesouth,azure,FRA,43.2965,5.3698,43.2965,51,44.250522630363314,0.08422322071152089,0.9157767792884792,0.004201435490459242,0.061134776604228676,0.652875843691039,0.26290093559744027,0.1034603489525588,0.04524323588337127,0.09455174962556653,35,7661124.970000001,218889.28485714286,7179.21,193.91294912944025,0.002805049088359046,0.033660589060308554,0.0,0.0,0.0,0.0,0.04067321178120617,0.9593267882187938,678,32328.852789999997,475.219382324361,16023.4578,0.3694224598930481,443.1198204577808,3,4353600.524896475,0,3,0,0.0,2,1.9581087530602959,89.87682756833327,409.53694079534165,389.986658353648,0.4478916961483,0.5494480018175832,0.0
swedencentral,azure,SWE,60.667761,17.138836,60.667761,6,28.859880960239266,0.017492185621543643,0.9825078143784564,6.011060351045925e-05,0.0009016590526568887,0.29093532099062275,0.6915724933878337,0.3971507573936042,0.014907429670593894,0.2087040153883145,42,850232.76,20243.637142857144,4735.94,63.947276742199065,0.06451612903225806,0.008064516129032258,0.0,0.0,0.0,0.0,0.14516129032258063,0.8548387096774194,82,8559.9,116.2547358012765,7068.458,0.2406873614190687,528.5302199044722,1,484242.8200463007,0,1,0,0.0,3,0.832892729039181,3.1403331248785604,37.503168363520466,32.418238299408536,0.6584366155948083,0.3415633844051918,0.0
switzerlandnorth,azure,CHE,47.2744489,8.8410422,47.2744489,6,46.757554765206685,0.024262942587106786,0.9757370574128932,0.0,0.0070531809846240655,0.3412328960361123,0.6345041613767809,0.5438002539145154,0.059105656651149675,0.0023980815347721825,145,39718128.2982,273918.1261944827,33625.44,505.463890578184,0.030637254901960783,0.09558823529411764,0.0,0.0,0.0,0.0,0.13602941176470587,0.8639705882352942,671,44952.13802,556.9155862576804,71228.13729299999,0.3941120358514725,145.94220286962442,10,9751341.513482872,0,8,2,0.0,11,2.186268927621302,28.659213576582722,46.757554765206685,70.1575881290142,0.9643747773423584,0.008193801211257571,0.0
uksouth,azure,GBR,51.5073219,-0.1276474,51.5073219,207,172.0639348530819,0.3991618113053256,0.6008381886946744,0.013833520733244743,0.3424988926368871,0.14068622440287573,0.4601519642917987,0.017820027939623156,0.046032232784762685,0.28096357627176394,202,43051027.919952005,213123.9005938218,41664.11,533.1572301438126,0.01290719114935464,0.06146281499692686,0.0,0.0,0.0,0.0,0.08358942839582054,0.9164105716041795,1425,39083.229595,379.00764265690054,113508.872612,0.4764397129186603,624.4387771744631,11,18417085.282112166,1,8,2,0.0,7,29.605997677125607,412.4491386731694,172.0639348530819,228.418852831584,0.5685192684079098,0.3414152662482284,0.0
ukwest,azure,GBR,51.4816546,-3.1791934,51.4816546,228,172.0639348530819,0.3991618113053256,0.6008381886946744,0.013833520733244743,0.3424988926368871,0.14068622440287573,0.4601519642917987,0.017820027939623156,0.046032232784762685,0.28096357627176394,156,32484204.7,208232.08141025642,32966.71,556.8868511518696,0.008843537414965987,0.05374149659863946,0.0,0.0,0.0,0.0,0.06802721088435375,0.9319727891156463,1314,25365.07613,348.99109797316373,93067.796,0.5095386518243661,471.86551852581715,6,6436024.768736759,1,3,2,0.0,7,29.605997677125607,393.31962415615544,172.0639348530819,315.86419943465603,0.5685192684079098,0.3414152662482284,0.0
germanywestcentral,azure,DEU,50.2106444,8.6820917,50.2106444,339,297.13494811464113,0.4585669288218863,0.5414330711781137,0.2681313021256364,0.15055765763981063,0.01733394084668872,0.524099130331425,0.03859030487925672,0.12195170268824661,0.2719744844390737,266,101025948.88506,379796.8003197744,57800.520000000004,1031.2192255442665,0.09378531073446328,0.1344632768361582,0.0,0.0,0.0,0.0,0.24067796610169492,0.7593220338983051,619,40166.96003,741.082768163523,136097.171161,0.4235055432372506,822.3552636065872,18,24333203.23525743,7,8,3,0.0,7,88.28917739109048,801.5007323729757,297.13494811464113,241.26059178196616,0.6608799396167612,0.2514774067207658,31193.0
norwayeast,azure,NOR,59.9133301,10.7389701,59.9133301,28,30.798900961706064,0.014584282830913472,0.9854157171690865,0.0002604336219805977,0.00898495995833062,0.0,0.9854157171690865,0.8852138811120516,0.0011068428934175403,0.09740217462074355,13,97988.5,7537.576923076923,1032.29,4.020405542410204,0.0,0.008658008658008658,0.0,0.0,0.0,0.0,0.025974025974025976,0.974025974025974,218,23340.5,73.65527643268187,1309.1972,0.21775757575757573,44.33546299185245,3,1893927.4736116838,0,3,0,0.0,1,0.9485723004489787,1.3843900436669587,30.798900961706064,31.14341652789056,0.9909714132090689,0.0014786271171251906,0.0
brazilsouth,azure,BRA,-23.74512587,-46.66992188,23.74512587,62,79.55739808445584,0.09283771277938246,0.9071622872206174,0.024103311926862783,0.05350682857062732,0.020345494825990632,0.8868167923946269,0.6047281191284107,0.07252026136459239,0.13424380941697747,57,3057351.0,53637.73684210526,4348.33,327.0422631935492,0.0,0.05405405405405406,0.0,0.0,0.0,0.0,0.05405405405405406,0.9459459459459459,91,5000.159000000001,316.4833477986983,10071.868789999999,0.36025518341307816,718.0066705054766,5,11454506.128509311,0,4,1,0.0,3,6.329379589968577,65.27505364214716,,63.34247106765623,,,
australiaeast,azure,AUS,-33.8688,151.2093,33.8688,510,654.211783491909,0.6392738913747317,0.36072610862526827,0.46389464876859837,0.1556258867183237,0.0,0.36072610862526827,0.057332023718578345,0.1706500782131034,0.12052093564698609,15,40361382.3952,2690758.8263466666,10312.66,3441.319865967058,0.14634146341463414,0.14634146341463414,0.0,0.0,0.0,0.0,0.3414634146341463,0.6585365853658537,26,1415.8,966.1245996692704,41776.909291,0.31116969696969693,870.1983254998911,38,36060786.8926296,37,0,1,0.0,6,427.9930576596645,2501.9711679666634,654.211783491909,589.6882141423332,0.5465120643200854,0.37600667992321535,8270.0
australiasoutheast,azure,AUS,-37.8142176,144.9631608,37.8142176,454,600.2492651311627,0.6392738913747317,0.36072610862526827,0.46389464876859837,0.1556258867183237,0.0,0.36072610862526827,0.057332023718578345,0.1706500782131034,0.12052093564698609,15,27900782.303000003,1860052.1535333334,7288.38,2596.356297848621,0.09803921568627451,0.17647058823529413,0.0,0.0,0.0,0.0,0.27450980392156865,0.7254901960784313,36,3457.7499999999995,962.712947529196,29003.893709999997,0.28066233766233767,947.382096186691,6,3393246.626155391,2,2,2,0.0,3,360.2991802905009,2447.216209258856,600.2492651311627,560.0485609604343,0.6138304450351334,0.32752716183311964,4690.0
japaneast,azure,JPN,35.6828387,139.7594549,35.6828387,460,609.6311879291164,0.6852917090112579,0.31470829098874215,0.32305551992580245,0.3284427386014938,0.07640773154680269,0.23830055944193942,0.07280638572880387,0.10790224072776786,0.009008297895432706,113,196489294.7,1738843.3159292035,91218.89000000001,1546.7896674173792,0.10486891385767791,0.1760299625468165,0.0,0.0,0.0,0.0,0.30337078651685395,0.696629213483146,154,35811.5,578.5049719033601,339648.405,0.5957628099173555,740.2513733292213,13,15753652.465127012,0,11,2,0.0,3,371.6501852958657,1476.1469314895155,609.6311879291164,600.8500762465076,0.2526109077925556,0.7424796929393912,8370.0
japanwest,azure,JPN,34.6198813,135.490357,34.6198813,460,409.8111703301701,0.6852917090112579,0.31470829098874215,0.32305551992580245,0.3284427386014938,0.07640773154680269,0.23830055944193942,0.07280638572880387,0.10790224072776786,0.009008297895432706,93,130462311.4,1402820.552688172,59118.60999999999,1412.7414918376803,0.13901345291479822,0.1210762331838565,0.0,0.0,0.0,0.0,0.31390134529147984,0.6860986547085202,130,33228.3,622.6303747613954,209529.018,0.5763078512396694,732.448196241019,8,9334500.914129574,0,8,0,0.0,3,167.9451953273837,1512.2943577473309,409.8111703301701,413.0690933160963,0.4639711219665313,0.5360288780334687,2301.0
koreacentral,azure,KOR,37.5666791,126.9782914,37.5666791,416,469.4018298906225,0.6166821341930021,0.38331786580699784,0.3299630407528615,0.27553362965857464,0.293866718767808,0.08945114703918981,0.006024194467510053,0.04781907878669467,0.005552027874110617,94,180176851.0,1916775.0106382978,79952.72000000002,1807.7597874876915,0.17834394904458598,0.29936305732484075,0.0,0.0,0.0,0.0,0.47770700636942676,0.5222929936305732,63,19715.86,693.1586868855215,259928.5,0.5147174975562073,739.7691798597297,19,14633674.659280675,14,5,0,0.0,3,220.33807790466489,1389.7193867432468,469.4018298906225,467.31695836023675,0.3675186023940472,0.615140731154966,41200.0
indiacentral,azure,IND,18.5204,73.8567,18.5204,708,891.9451189752027,0.7803750190558463,0.21962498094415364,0.7523044870166167,0.02605823466639565,0.024488032928502462,0.19513694801565118,0.0758117790538137,0.057629960871995525,0.04171959957314904,69,25633807.990000002,371504.46362318844,11495.039999999999,1417.4118349300581,0.09090909090909091,0.06060606060606061,0.0,0.0,0.0,0.0,0.20606060606060606,0.793939393939394,96,6589.9,777.4702181586792,32930.064,0.3694848484848484,449.4417817742738,3,22387771.594991665,0,2,1,120.15230196919634,4,795.5660952636885,1740.227384912985,891.9451189752027,844.335169491405,0.4194914594028014,0.561813774730314,84386.0
indiasouth,azure,IND,13.0827,80.2707,13.0827,708,668.7927268258651,0.7803750190558463,0.21962498094415364,0.7523044870166167,0.02605823466639565,0.024488032928502462,0.19513694801565118,0.0758117790538137,0.057629960871995525,0.04171959957314904,40,74535684.0,1863392.1,18354.68,3578.769857465101,0.2857142857142857,0.08333333333333333,0.0,0.0,0.0,0.0,0.38095238095238093,0.6190476190476191,44,2472.5,919.1189986014135,81094.857,0.4859545454545455,984.9457261427937,7,3757035.2527806037,3,2,2,0.12374628720235867,1,447.28371145517616,3168.9893706586295,668.7927268258651,663.2166548812812,0.5735712169097862,0.395782728674481,41357.5
indiawest,azure,IND,19.076,72.8777,19.076,708,891.9451189752027,0.7803750190558463,0.21962498094415364,0.7523044870166167,0.02605823466639565,0.024488032928502462,0.19513694801565118,0.0758117790538137,0.057629960871995525,0.04171959957314904,69,35998937.6,521723.73333333334,19101.34,1405.5776372245425,0.15942028985507245,0.15217391304347827,0.0,0.0,0.0,0.0,0.35507246376811596,0.644927536231884,69,6510.150000000001,736.2514126862898,48842.784,0.35163636363636364,890.4184973713816,9,22588352.96907689,6,2,1,0.0,4,795.5660952636885,1470.7173222187669,891.9451189752027,848.4493024038958,0.4194914594028014,0.561813774730314,84386.0
southafricanorth,azure,ZAF,-26.204103,28.047304,26.204103,901,860.8585611812015,0.8347273921611562,0.16527260783884387,0.8114298226406832,0.0,0.03573461791110138,0.1295379899277425,0.008583315086490037,0.068184804028903,0.05088679658419093,21,189936900.0,9044614.285714285,45488.3,4075.5230740511065,0.6923076923076923,0.0,0.0,0.0,0.0,0.0,0.6923076923076923,0.3076923076923077,5,1116.0,1012.7299678724399,187549.71,0.4199727272727272,877.1059963998675,89,44255339.455880046,88,1,0,0.0,2,741.0774623589684,3485.4134626304854,119.98323776485537,524.3578022948612,0.3684210526315789,0.0,0.0
uaenorth,azure,ARE,25.2047397,55.2707065,25.2047397,404,344.3552369466298,0.8250613933048985,0.17493860669510145,0.0,0.8250613933048985,0.12989530825901513,0.045043298436086336,0.0,0.044978673904614186,0.0,46,95294041.0,2071609.5869565217,55493.84,1690.9946331962472,0.018518518518518517,0.7407407407407407,0.0,0.0,0.0,0.0,0.7962962962962963,0.20370370370370372,8,860.0,647.3706760878646,147202.1148,0.36486758893280635,742.3438500640317,16,122121119.29006131,0,11,5,0.0,3,118.58052921256957,1416.795706354329,344.3552369466298,374.9321214828637,0.2189315838800375,0.7808809746954077,0.0
eastasia,azure,CHN,22.396427,114.109497,22.396427,710,482.1199897537342,0.6472405252236092,0.352759474776391,0.6069512526441422,0.03251726554744974,0.045955480100088916,0.3068039946763021,0.1316304406427763,0.061752147820360086,0.09364782194577145,173,272725097.0,1576445.647398844,121271.12,1961.016656537717,0.22727272727272727,0.3,0.0,0.0,0.0,0.0,0.5454545454545454,0.4545454545454546,47,17802.2,706.6974258314542,385926.75,0.45666997245179064,817.9959518021533,8,19487167.730805922,0,5,3,0.0,3,232.4396845201408,1455.5710792803743,482.1199897537342,482.12092867550246,0.0,1.0,2875.0
southeastasia,azure,SGP,1.35,103.8,1.35,408,480.3993473515311,0.9546485260770975,0.045351473922902494,0.009942438513867084,0.9256933542647828,0.0,0.045351473922902494,0.0,0.016396302110587825,0.0,48,72943061.5,1519647.1145833333,36363.28,1996.3190205036951,0.13559322033898305,0.4745762711864407,0.0,0.0,0.0,0.0,0.6610169491525424,0.3389830508474576,11,175.5,539.373134571594,135236.67119999998,0.45400000000000007,752.4349099452766,16,31586983.218917254,4,10,2,0.0,4,230.78353293577703,1914.980885897149,480.3993473515311,480.40216049556926,0.09438567941415785,0.9023596419853539,210.0
polandcentral,azure,POL,52.2319581,21.8067249,52.2319581,590,527.5639648158033,0.7285333333333334,0.2714666666666667,0.6104888888888889,0.0874074074074074,0.0,0.2714666666666667,0.014103703703703703,0.07253333333333334,0.13665185185185186,47,68328252.0,1453792.5957446808,23783.5,2469.5322117209103,0.37209302325581395,0.13953488372093023,0.0,0.0,0.0,0.0,0.5348837209302326,0.4651162790697674,39,3885.0,861.4383866230888,78481.129,0.41311466942148756,954.5680236711751,21,15826407.419550853,17,1,3,0.0,3,278.32373697217014,2093.0228599827615,527.5639648158033,464.21838124614936,0.47103852020551734,0.4910435798207131,25482.87
italynorth,azure,ITA,45.2668,9.6905,45.2668,233,193.4103096246375,0.5627999085992841,0.437200091400716,0.052936248000609344,0.4506816970066266,0.0,0.437200091400716,0.14448929849950493,0.11809734176251048,0.08953461802117452,95,30933475.512,325615.5317052631,29590.370000000003,470.5989327056341,0.013232514177693762,0.12287334593572778,0.0,0.0,0.0,0.0,0.1436672967863894,0.8563327032136105,434,36141.771239999995,468.08906747402955,66027.59049,0.36425317693059633,713.5474550174999,8,3613987.3176996997,0,6,2,0.0,8,37.407547869098146,588.3453701596766,193.4103096246375,186.52780235854925,0.5445410088331772,0.3883750349110384,1000.0
spaincentral,azure,ESP,40.4167047,-3.7035825,40.4167047,89,116.88788455105912,0.28867469879518076,0.7113253012048193,0.014457831325301205,0.23443929564411492,0.21056533827618165,0.5007599629286377,0.07417979610750695,0.1671177015755329,0.23773864689527338,35,3170403.8,90582.9657142857,4528.130000000001,121.73237899624431,0.0171990171990172,0.056511056511056514,0.0,0.0,0.0,0.0,0.07371007371007371,0.9262899262899262,372,21515.917,380.65779005768803,8329.727,0.2892068965517241,452.563869990055,2,1647288.7973751826,0,1,1,0.0,3,13.662777554821725,202.11773116586676,116.88788455105912,125.01925616757313,0.73698419425217,0.25031784150303715,1820.0
qatarcentral,azure,QAT,26.2856329,51.5264162,26.2856329,366,468.69526961227155,0.997242140099283,0.0027578599007170436,0.0,0.997242140099283,0.0,0.0027578599007170436,0.0,0.00018385732671446958,0.0,70,175087310.0,2501247.285714286,70956.94,2432.3614203686343,0.0,0.8918918918918919,0.0,0.0,0.0,0.0,0.9324324324324325,0.06756756756756754,4,1025.5,636.9473604551675,274884.382,0.5101766233766234,741.544969717465,23,410349701.0268294,0,9,14,0.0,4,219.6752557569199,2460.7098858635472,475.0,467.2790213086131,0.006928406466512702,0.9930715935334873,0.0
